Workbook

Sheet Employees
A1: Employee ID | B1: First Name | C1: Last Name | D1: Department | E1: Position | F1: Hire Date | G1: Salary | H1: Full Time (Yes/No)
A2: 1001 | B2: James | C2: Anderson | D2: Sales | E2: Sales Associate | F2: 43538 | G2: 48000 | H2: Yes
A3: 1002 | B3: Maria | C3: Garcia | D3: Marketing | E3: Marketing Coordinator | F3: 44034 | G3: 52000 | H3: Yes
A4: 1003 | B4: Robert | C4: Chen | D4: IT | E4: Software Engineer | F4: 43409 | G4: 85000 | H4: Yes
A5: 1004 | B5: Linda | C5: Patel | D5: HR | E5: HR Manager | F5: 42418 | G5: 72000 | H5: Yes
A6: 1005 | B6: Michael | C6: Brown | D6: Finance | E6: Financial Analyst | F6: 44326 | G6: 61000 | H6: Yes
A7: 1006 | B7: Sarah | C7: Kim | D7: IT | E7: QA Tester | F7: 44570 | G7: 55000 | H7: Yes
A8: 1007 | B8: David | C8: Wilson | D8: Operations | E8: Operations Manager | F8: 43008 | G8: 78000 | H8: Yes
A9: 1008 | B9: Emily | C9: Davis | D9: Sales | E9: Sales Manager | F9: 42167 | G9: 90000 | H9: Yes
A10: 1009 | B10: John | C10: Martinez | D10: IT | E10: DevOps Engineer | F10: 44105 | G10: 88000 | H10: Yes
A11: 1010 | B11: Jessica | C11: Lopez | D11: Marketing | E11: Content Writer | F11: 45933 | G11: 45000 | H11: No
A12: 1011 | B12: Daniel | C12: Nguyen | D12: Finance | E12: Accountant | F12: 43691 | G12: 58000 | H12: Yes
A13: 1012 | B13: Ashley | C13: Robinson | D13: HR | E13: Recruiter | F13: 44533 | G13: 50000 | H13: Yes
... A31: 1030 | B31: Hannah | C31: Roberts | D31: Finance | E31: Payroll Specialist | F31: 44062 | G31: 56000 | H31: Yes

Sheet Analysis
A1: Analysis Questions
A2: # | B2: Question | C2: Answer (Formula)
A3: Q1 | B3: Which department has the highest average salary? | C3: =INDEX(E6:E11,MATCH(MAX(F6:F11),F6:F11,0)) -> IT
A4: Q2 | B4: How many employees were hired in the last 12 months? | C4: =COUNTIFS(Employees!F2:F31,">="&EDATE(TODAY(),-12)) -> 3 | E4: Helper: Avg Salary by Department | I4: Helper: Employee Count by Position
A5: Q3 | B5: What is the total salary expense for full-time employees? | C5: =SUMIFS(Employees!G2:G31,Employees!H2:H31,"Yes") -> 1653000 | E5: Department | F5: Avg Salary | G5: Employee Count | I5: Position | J5: Count
A6: Q4 | B6: Which position has the most employees? | C6: =INDEX(I6:I32,MATCH(MAX(J6:J32),J6:J32,0)) -> Sales Associate | E6: Sales | F6: =AVERAGEIFS(Employees!$G$2:$G$31,Employees!$D$2:$D$31,E6) -> 67200 | G6: =COUNTIFS(Employees!$D$2:$D$31,E6) -> 5 | I6: Sales Associate | J6: =COUNTIFS(Employees!$E$2:$E$31,I6) -> 3
A7: Q5 | B7: What is the median salary across the company? | C7: =MEDIAN(Employees!G2:G31) -> 55500 | E7: Marketing | F7: =AVERAGEIFS(Employees!$G$2:$G$31,Employees!$D$2:$D$31,E7) -> 55200 | G7: =COUNTIFS(Employees!$D$2:$D$31,E7) -> 5 | I7: Marketing Coordinator | J7: =COUNTIFS(Employees!$E$2:$E$31,I7) -> 1
E8: IT | F8: =AVERAGEIFS(Employees!$G$2:$G$31,Employees!$D$2:$D$31,E8) -> 71142.857 | G8: =COUNTIFS(Employees!$D$2:$D$31,E8) -> 7 | I8: Software Engineer | J8: =COUNTIFS(Employees!$E$2:$E$31,I8) -> 2
E9: HR | F9: =AVERAGEIFS(Employees!$G$2:$G$31,Employees!$D$2:$D$31,E9) -> 55500 | G9: =COUNTIFS(Employees!$D$2:$D$31,E9) -> 4 | I9: HR Manager | J9: =COUNTIFS(Employees!$E$2:$E$31,I9) -> 1
E10: Finance | F10: =AVERAGEIFS(Employees!$G$2:$G$31,Employees!$D$2:$D$31,E10) -> 62400 | G10: =COUNTIFS(Employees!$D$2:$D$31,E10) -> 5 | I10: Financial Analyst | J10: =COUNTIFS(Employees!$E$2:$E$31,I10) -> 1
E11: Operations | F11: =AVERAGEIFS(Employees!$G$2:$G$31,Employees!$D$2:$D$31,E11) -> 57250 | G11: =COUNTIFS(Employees!$D$2:$D$31,E11) -> 4 | I11: QA Tester | J11: =COUNTIFS(Employees!$E$2:$E$31,I11) -> 1
I12: Operations Manager | J12: =COUNTIFS(Employees!$E$2:$E$31,I12) -> 1
A13: Helper: Year of Hire & Tenure per Employee | I13: Sales Manager | J13: =COUNTIFS(Employees!$E$2:$E$31,I13) -> 1
A14: Employee ID | B14: Hire Date | C14: Year Hired | D14: Tenure (Years) | I14: DevOps Engineer | J14: =COUNTIFS(Employees!$E$2:$E$31,I14) -> 1
A15: =Employees!A2 -> 1001 | B15: =Employees!F2 -> 43538 | C15: =YEAR(B15) -> 2019 | D15: =DATEDIF(B15,TODAY(),"y") -> 7 | I15: Content Writer | J15: =COUNTIFS(Employees!$E$2:$E$31,I15) -> 1
A16: =Employees!A3 -> 1002 | B16: =Employees!F3 -> 44034 | C16: =YEAR(B16) -> 2020 | D16: =DATEDIF(B16,TODAY(),"y") -> 6 | I16: Accountant | J16: =COUNTIFS(Employees!$E$2:$E$31,I16) -> 1
A17: =Employees!A4 -> 1003 | B17: =Employees!F4 -> 43409 | C17: =YEAR(B17) -> 2018 | D17: =DATEDIF(B17,TODAY(),"y") -> 7 | I17: Recruiter | J17: =COUNTIFS(Employees!$E$2:$E$31,I17) -> 1
A18: =Employees!A5 -> 1004 | B18: =Employees!F5 -> 42418 | C18: =YEAR(B18) -> 2016 | D18: =DATEDIF(B18,TODAY(),"y") -> 10 | I18: Logistics Coordinator | J18: =COUNTIFS(Employees!$E$2:$E$31,I18) -> 1
A19: =Employees!A6 -> 1005 | B19: =Employees!F6 -> 44326 | C19: =YEAR(B19) -> 2021 | D19: =DATEDIF(B19,TODAY(),"y") -> 5 | I19: Systems Administrator | J19: =COUNTIFS(Employees!$E$2:$E$31,I19) -> 1
A20: =Employees!A7 -> 1006 | B20: =Employees!F7 -> 44570 | C20: =YEAR(B20) -> 2022 | D20: =DATEDIF(B20,TODAY(),"y") -> 4 | I20: SEO Specialist | J20: =COUNTIFS(Employees!$E$2:$E$31,I20) -> 1
A21: =Employees!A8 -> 1007 | B21: =Employees!F8 -> 43008 | C21: =YEAR(B21) -> 2017 | D21: =DATEDIF(B21,TODAY(),"y") -> 8 | I21: Finance Manager | J21: =COUNTIFS(Employees!$E$2:$E$31,I21) -> 1
A22: =Employees!A9 -> 1008 | B22: =Employees!F9 -> 42167 | C22: =YEAR(B22) -> 2015 | D22: =DATEDIF(B22,TODAY(),"y") -> 11 | I22: HR Assistant | J22: =COUNTIFS(Employees!$E$2:$E$31,I22) -> 1
A23: =Employees!A10 -> 1009 | B23: =Employees!F10 -> 44105 | C23: =YEAR(B23) -> 2020 | D23: =DATEDIF(B23,TODAY(),"y") -> 5 | I23: Warehouse Supervisor | J23: =COUNTIFS(Employees!$E$2:$E$31,I23) -> 1
A24: =Employees!A11 -> 1010 | B24: =Employees!F11 -> 45933 | C24: =YEAR(B24) -> 2025 | D24: =DATEDIF(B24,TODAY(),"y") -> 0 | I24: Regional Sales Director | J24: =COUNTIFS(Employees!$E$2:$E$31,I24) -> 1
A25: =Employees!A12 -> 1011 | B25: =Employees!F12 -> 43691 | C25: =YEAR(B25) -> 2019 | D25: =DATEDIF(B25,TODAY(),"y") -> 7 | I25: Marketing Manager | J25: =COUNTIFS(Employees!$E$2:$E$31,I25) -> 1
A26: =Employees!A13 -> 1012 | B26: =Employees!F13 -> 44533 | C26: =YEAR(B26) -> 2021 | D26: =DATEDIF(B26,TODAY(),"y") -> 4 | I26: Network Engineer | J26: =COUNTIFS(Employees!$E$2:$E$31,I26) -> 1
... A32: =Employees!A19 -> 1018 | B32: =Employees!F19 -> 44942 | C32: =YEAR(B32) -> 2023 | D32: =DATEDIF(B32,TODAY(),"y") -> 3 | I32: Payroll Specialist | J32: =COUNTIFS(Employees!$E$2:$E$31,I32) -> 1
A33: =Employees!A20 -> 1019 | B33: =Employees!F20 -> 43608 | C33: =YEAR(B33) -> 2019 | D33: =DATEDIF(B33,TODAY(),"y") -> 7
A34: =Employees!A21 -> 1020 | B34: =Employees!F21 -> 42803 | C34: =YEAR(B34) -> 2017 | D34: =DATEDIF(B34,TODAY(),"y") -> 9
A35: =Employees!A22 -> 1021 | B35: =Employees!F22 -> 41598 | C35: =YEAR(B35) -> 2013 | D35: =DATEDIF(B35,TODAY(),"y") -> 12
A36: =Employees!A23 -> 1022 | B36: =Employees!F23 -> 42615 | C36: =YEAR(B36) -> 2016 | D36: =DATEDIF(B36,TODAY(),"y") -> 10
A37: =Employees!A24 -> 1023 | B37: =Employees!F24 -> 46174 | C37: =YEAR(B37) -> 2026 | D37: =DATEDIF(B37,TODAY(),"y") -> 0
A38: =Employees!A25 -> 1024 | B38: =Employees!F25 -> 45117 | C38: =YEAR(B38) -> 2023 | D38: =DATEDIF(B38,TODAY(),"y") -> 3
A39: =Employees!A26 -> 1025 | B39: =Employees!F26 -> 43493 | C39: =YEAR(B39) -> 2019 | D39: =DATEDIF(B39,TODAY(),"y") -> 7
A40: =Employees!A27 -> 1026 | B40: =Employees!F27 -> 43956 | C40: =YEAR(B40) -> 2020 | D40: =DATEDIF(B40,TODAY(),"y") -> 6
A41: =Employees!A28 -> 1027 | B41: =Employees!F28 -> 44818 | C41: =YEAR(B41) -> 2022 | D41: =DATEDIF(B41,TODAY(),"y") -> 4
A42: =Employees!A29 -> 1028 | B42: =Employees!F29 -> 44530 | C42: =YEAR(B42) -> 2021 | D42: =DATEDIF(B42,TODAY(),"y") -> 4
A43: =Employees!A30 -> 1029 | B43: =Employees!F30 -> 43456 | C43: =YEAR(B43) -> 2018 | D43: =DATEDIF(B43,TODAY(),"y") -> 7
A44: =Employees!A31 -> 1030 | B44: =Employees!F31 -> 44062 | C44: =YEAR(B44) -> 2020 | D44: =DATEDIF(B44,TODAY(),"y") -> 6
